Date,Len
1/1/2004,29
1/2/2004,37
1/3/2004,28
1/4/2004,46
1/5/2004,28
1/6/2004,25
1/7/2004,24
1/8/2004,32
1/9/2004,48
1/10/2004,26
1/11/2004,24
1/12/2004,24
1/13/2004,24
1/14/2004,26
1/15/2004,26
1/16/2004,24
1/17/2004,31
1/18/2004,43
1/19/2004,28
1/20/2004,24
1/21/2004,24
1/22/2004,26
1/23/2004,24
1/24/2004,25
1/25/2004,43
1/26/2004,51
1/27/2004,62
1/28/2004,26
1/29/2004,29
1/30/2004,33
1/31/2004,24
2/1/2004,24
2/2/2004,49
2/3/2004,35
2/4/2004,28
2/5/2004,53
2/6/2004,41
2/7/2004,43
2/8/2004,27
2/9/2004,31
2/10/2004,28
2/11/2004,24
2/12/2004,27
2/13/2004,25
2/14/2004,24
2/15/2004,26
2/16/2004,24
2/17/2004,24
2/18/2004,24
2/19/2004,25
2/20/2004,30
2/21/2004,28
2/22/2004,24
2/23/2004,24
2/24/2004,28
2/25/2004,25
2/26/2004,24
2/27/2004,24
2/28/2004,24
2/29/2004,24
3/1/2004,34
3/2/2004,24
3/3/2004,40
3/4/2004,40
3/5/2004,28
3/6/2004,32
3/7/2004,24
3/8/2004,24
3/9/2004,28
3/10/2004,24
3/11/2004,24
3/12/2004,24
3/13/2004,25
3/14/2004,29
3/15/2004,27
3/16/2004,35
3/17/2004,25
3/18/2004,26
3/19/2004,24
3/20/2004,28
3/21/2004,24
3/22/2004,24
3/23/2004,24
3/24/2004,24
3/25/2004,24
3/26/2004,24
3/27/2004,24
3/28/2004,24
3/29/2004,37
3/30/2004,59
3/31/2004,35
4/1/2004,24
4/2/2004,24
4/3/2004,24
4/4/2004,23
4/5/2004,24
4/6/2004,24
4/7/2004,24
4/8/2004,24
4/9/2004,24
4/10/2004,24
4/11/2004,24
2004-04-12,28
2004-04-13,37,ERROR
2004-04-14,26
2004-04-15,24
2004-04-16,24
2004-04-17,25
2004-04-18,24
2004-04-19,24
2004-04-20,24
2004-04-21,39
2004-04-22,39
2004-04-23,41
2004-04-24,24
2004-04-25,29
2004-04-26,24
2004-04-27,24
2004-04-28,24
2004-04-29,24
2004-04-30,39,ERROR
2004-05-01,43
2004-05-02,36
2004-05-03,24
2004-05-04,24
2004-05-05,24
2004-05-06,25
2004-05-07,26
2004-05-08,24
2004-05-09,24
2004-05-10,26
2004-05-11,24
2004-05-12,24
2004-05-13,34
2004-05-14,40
2004-05-15,50
2004-05-16,31
2004-05-17,30
2004-05-18,28
2004-05-19,29
2004-05-20,27
2004-05-21,25
2004-05-22,24
2004-05-23,26
2004-05-24,32
2004-05-25,36
2004-05-26,49
2004-05-27,44
2004-05-28,31
2004-05-29,24
2004-05-30,56,ERROR
2004-05-31,3
2004-06-01,33
2004-06-02,1
2004-06-03,24
2004-06-04,11
2004-06-05,22
2004-06-06,11
2004-06-07,24
2004-06-08,24
2004-06-09,27
2004-06-10,6
2004-06-11,24
2004-06-12,38
2004-06-13,31
2004-06-14,24
2004-06-15,27
2004-06-16,35
2004-06-17,24
2004-06-18,32
2004-06-19,9
2004-06-20,24
2004-06-21,24
2004-06-22,32
2004-06-23,24
2004-06-24,24
2004-06-25,1
2004-06-26,3
2004-06-27,1
2004-06-28,24
2004-06-29,24
2004-06-30,24
2004-07-01,31
2004-07-02,27
2004-07-03,24
2004-07-04,31
2004-07-05,40
2004-07-06,35
2004-07-07,35
2004-07-08,24
2004-07-09,33
2004-07-10,28
2004-07-11,31
2004-07-12,30
2004-07-13,31
2004-07-14,27
2004-07-15,24
2004-07-16,26
2004-07-17,30
2004-07-18,26
2004-07-19,24
2004-07-20,24
2004-07-21,24
2004-07-22,31
2004-07-23,45
2004-07-24,24
2004-07-25,25
2004-07-26,36
2004-07-27,27
2004-07-28,1
2004-07-29,4
2004-07-30,3
2004-07-31,3
2004-08-01,3
2004-08-02,3
2004-08-03,2
2004-08-04,2
2004-08-05,3
2004-08-06,3
2004-08-07,2
2004-08-08,3
2004-08-09,3
2004-08-10,1
2004-08-11,1
2004-08-12,1
2004-08-13,1
2004-08-14,1
2004-08-15,2
2004-08-16,2
2004-08-17,2
2004-08-18,3
2004-08-19,3
2004-08-20,3
2004-08-21,4
2004-08-22,4
2004-08-23,3
2004-08-24,3
2004-08-25,3
2004-08-26,2
2004-08-27,3
2004-08-28,2
2004-08-29,32
2004-08-30,30
2004-08-31,25
2004-09-01,24
2004-09-02,28
2004-09-03,30
2004-09-04,27
2004-09-05,24
2004-09-06,24
2004-09-07,1,ERROR
2004-09-08,4
2004-09-09,4
2004-09-10,3
2004-09-11,24
2004-09-12,24
2004-09-13,24
2004-09-14,24
2004-09-15,23
2004-09-16,24
2004-09-17,32
2004-09-18,24
2004-09-19,2
2004-09-20,2
2004-09-21,2
2004-09-22,24
2004-09-23,2
2004-09-24,1
2004-09-25,1
2004-09-26,24
2004-09-27,25
2004-09-28,26
2004-09-29,27
2004-09-30,1
2004-10-01,1
2004-10-02,3
2004-10-03,3
2004-10-04,4
2004-10-05,4
2004-10-06,3
2004-10-07,4
2004-10-08,3
2004-10-09,4
2004-10-10,4
2004-10-11,4
2004-10-12,1
2004-10-13,1
2004-10-14,37
2004-10-15,33
2004-10-16,24
2004-10-17,24
2004-10-18,70
2004-10-19,42
2004-10-20,39
2004-10-21,36
2004-10-22,27
2004-10-23,34
2004-10-24,30
2004-10-25,24
2004-10-26,30
2004-10-27,50
2004-10-28,36
2004-10-29,31
2004-10-30,31
2004-10-31,25
2004-11-01,33
2004-11-02,46
2004-11-03,28
2004-11-04,39
2004-11-05,24
2004-11-06,24
2004-11-07,24
2004-11-08,24
2004-11-09,24
2004-11-10,25
2004-11-11,42
2004-11-12,33
2004-11-13,24
2004-11-14,24
2004-11-15,24
2004-11-16,24
2004-11-17,33
2004-11-18,30
2004-11-19,49
2004-11-20,35
2004-11-21,29
2004-11-22,35
2004-11-23,34
2004-11-24,37
2004-11-25,29,ERROR
2004-11-26,24
2004-11-27,25
2004-11-28,27
2004-11-29,24
2004-11-30,41
2004-12-01,29
2004-12-02,24
2004-12-03,24
2004-12-04,24
2004-12-05,24
2004-12-06,43
2004-12-07,35
2004-12-08,25
2004-12-09,47
2004-12-10,37
2004-12-11,31
2004-12-12,26
2004-12-13,26
2004-12-14,27
2004-12-15,24
2004-12-16,24
2004-12-17,24
2004-12-18,24
2004-12-19,32
2004-12-20,24
2004-12-21,32
2004-12-22,69
2004-12-23,40
2004-12-24,24
2004-12-25,24
2004-12-26,24
2004-12-27,29
2004-12-28,24
2004-12-29,24
2004-12-30,25
2004-12-31,27
2005-01-01,39
2005-01-02,32
2005-01-03,46
2005-01-04,43
2005-01-05,37
2005-01-06,3
2005-01-07,3
2005-01-08,4
2005-01-09,4
2005-01-10,3
2005-01-11,2
2005-01-12,3
2005-01-13,4
2005-01-14,4
2005-01-15,2
2005-01-16,1
2005-01-17,4
2005-01-18,3
2005-01-19,3
2005-01-20,3
2005-01-21,3
2005-01-22,1
2005-01-23,2
2005-01-24,2
2005-01-25,1
2005-01-26,29
2005-01-27,3
2005-01-28,1
2005-01-29,4
2005-01-30,28
2005-01-31,29
2005-02-01,27
2005-02-02,42
2005-02-03,32
2005-02-04,25
2005-02-05,27
2005-02-06,24
2005-02-07,1
2005-02-08,4
2005-02-09,38
2005-02-10,1
2005-02-11,3
2005-02-12,2
2005-02-13,1
2005-02-14,3
2005-02-15,4
2005-02-16,3
2005-02-17,3
2005-02-18,4
2005-02-19,3
2005-02-20,4
2005-02-21,1
2005-02-22,25
2005-02-23,37
2005-02-24,44
2005-02-25,26
2005-02-26,24
2005-02-27,24
2005-02-28,2
2005-03-01,2
2005-03-02,2
2005-03-03,2
2005-03-04,2
2005-03-05,2
2005-03-06,2
2005-03-07,4
2005-03-08,2
2005-03-09,2
2005-03-10,1
2005-03-11,4
2005-03-12,3
2005-03-13,34
2005-03-14,39
2005-03-15,1
2005-03-16,4
2005-03-17,3
2005-03-18,2
2005-03-19,4
2005-03-20,4
2005-03-21,3
2005-03-22,3,ERROR
2005-03-23,2
2005-03-24,1
2005-03-25,2
2005-03-26,3
2005-03-27,43
2005-03-28,2
2005-03-29,1
2005-03-30,2
2005-03-31,27
2005-04-01,24
2005-04-02,27
2005-04-03,23
2005-04-04,24
2005-04-05,24
2005-04-06,24
2005-04-07,26
2005-04-08,30
2005-04-09,24
2005-04-10,24
2005-04-11,24
2005-04-12,35
2005-04-13,32
2005-04-14,1
2005-04-15,1
2005-04-16,1
2005-04-17,2
2005-04-18,2
2005-04-19,2
2005-04-20,3
2005-04-21,3
2005-04-22,3
2005-04-23,4
2005-04-24,2
2005-04-25,2
2005-04-26,1
2005-04-27,1
2005-04-28,30
2005-04-29,51
2005-04-30,1
2005-05-01,1
2005-05-02,23
2005-05-03,2
2005-05-04,24
2005-05-05,24
2005-05-06,1
2005-05-07,1
2005-05-08,24
2005-05-09,25
2005-05-10,32
2005-05-11,24
2005-05-12,26
2005-05-13,24
2005-05-14,45
2005-05-15,24
2005-05-16,24
2005-05-17,1
2005-05-18,1
2005-05-19,1
2005-05-20,1
2005-05-21,2
2005-05-22,25
2005-05-23,24
2005-05-24,24
2005-05-25,24
2005-05-26,24
2005-05-27,24
2005-05-28,24
2005-05-29,24
2005-05-30,24
2005-05-31,24
2005-06-01,27
2005-06-02,34
2005-06-03,51
2005-06-04,46
2005-06-05,24
2005-06-06,24
2005-06-07,1
2005-06-08,2
2005-06-09,1
2005-06-10,28
2005-06-11,1
2005-06-12,34
2005-06-13,29
2005-06-14,28
2005-06-15,24
2005-06-16,1
2005-06-17,1
2005-06-18,2
2005-06-19,1
2005-06-20,1
2005-06-21,1
2005-06-22,1
2005-06-23,24
2005-06-24,1
2005-06-25,1
2005-06-26,1
2005-06-27,1
2005-06-28,1
2005-06-29,29
2005-06-30,25,ERROR
2005-07-01,27
2005-07-02,24
2005-07-03,24
2005-07-04,24
2005-07-05,1
2005-07-06,24
2005-07-07,24
2005-07-08,24
2005-07-09,24
2005-07-10,24
2005-07-11,33
2005-07-12,41
2005-07-13,44
2005-07-14,41
2005-07-15,35
2005-07-16,40
2005-07-17,34
2005-07-18,28
2005-07-19,30
2005-07-20,29
2005-07-21,24
2005-07-22,34
2005-07-23,24
2005-07-24,24
2005-07-25,24
2005-07-26,24
2005-07-27,28
2005-07-28,24
2005-07-29,2
2005-07-30,4
2005-07-31,2
2005-08-01,3
2005-08-02,3
2005-08-03,4
2005-08-04,4
2005-08-05,4
2005-08-06,3
2005-08-07,3
2005-08-08,3
2005-08-09,4
2005-08-10,4
2005-08-11,24
2005-08-12,25
2005-08-13,25
2005-08-14,32
2005-08-15,24
2005-08-16,46
2005-08-17,30
2005-08-18,31
2005-08-19,27
2005-08-20,26
2005-08-21,24
2005-08-22,24
2005-08-23,24
2005-08-24,24
2005-08-25,24
2005-08-26,40
2005-08-27,29
2005-08-28,39
2005-08-29,35
2005-08-30,59
2005-08-31,33
2005-09-01,24
2005-09-02,2
2005-09-03,4,ERROR
2005-09-04,4
2005-09-05,1
2005-09-06,2
2005-09-07,3
2005-09-08,2
2005-09-09,1
2005-09-10,3
2005-09-11,2
2005-09-12,1
2005-09-13,1
2005-09-14,2
2005-09-15,3
2005-09-16,2
2005-09-17,2
2005-09-18,2
2005-09-19,2
2005-09-20,1
2005-09-21,4
2005-09-22,4
2005-09-23,3
2005-09-24,3
2005-09-25,2
2005-09-26,3
2005-09-27,2
2005-09-28,1
2005-09-29,34
2005-09-30,24
2005-10-01,24
2005-10-02,26
2005-10-03,24
2005-10-04,26
2005-10-05,24,ERROR
2005-10-06,26
2005-10-07,36
2005-10-08,27
2005-10-09,29
2005-10-10,29
2005-10-11,24
2005-10-12,34
2005-10-13,31
2005-10-14,26
2005-10-15,24
2005-10-16,24
2005-10-17,24
2005-10-18,24
2005-10-19,26
2005-10-20,30
2005-10-21,41
2005-10-22,29
2005-10-23,40
2005-10-24,30
2005-10-25,27
2005-10-26,24
2005-10-27,24
2005-10-28,24
2005-10-29,28
2005-10-30,1
2005-10-31,2
2005-11-01,1
2005-11-02,24
2005-11-03,2
2005-11-04,24
2005-11-05,1
2005-11-06,1
2005-11-07,1
2005-11-08,24
2005-11-09,2
2005-11-10,1
2005-11-11,24
2005-11-12,24
2005-11-13,31
2005-11-14,35
2005-11-15,1
2005-11-16,1
2005-11-17,1
2005-11-18,24
2005-11-19,24
2005-11-20,24
2005-11-21,24
2005-11-22,29
2005-11-23,25
2005-11-24,26
2005-11-25,24
2005-11-26,29
2005-11-27,25
2005-11-28,38
2005-11-29,25
2005-11-30,25
2005-12-01,29
2005-12-02,27
2005-12-03,35
2005-12-04,31
2005-12-05,28
2005-12-06,33
2005-12-07,24
2005-12-08,52
2005-12-09,27
2005-12-10,27
2005-12-11,30
2005-12-12,39
2005-12-13,27
2005-12-14,30
2005-12-15,38
2005-12-16,24
2005-12-17,24
2005-12-18,26
2005-12-19,25
2005-12-20,2
2005-12-21,25
2005-12-22,29
2005-12-23,24
2005-12-24,1
2005-12-25,1
2005-12-26,1
2005-12-27,25
2005-12-28,1
2005-12-29,1
2005-12-30,1
2005-12-31,1
2006-01-01,1
2006-01-02,2
2006-01-03,1
2006-01-04,1
2006-01-05,29
2006-01-06,24
2006-01-07,27
2006-01-08,24
2006-01-09,24
2006-01-10,42
2006-01-11,29
2006-01-12,24
2006-01-13,39
2006-01-14,31
2006-01-15,24
2006-01-16,26
2006-01-17,9
2006-01-18,41
2006-01-19,2
2006-01-20,3
2006-01-21,1
2006-01-22,3
2006-01-23,3
2006-01-24,3
2006-01-25,3
2006-01-26,4
2006-01-27,4
2006-01-28,3
2006-01-29,3
2006-01-30,3
2006-01-31,3
2006-02-01,24
2006-02-02,3
2006-02-03,2
2006-02-04,3
2006-02-05,3
2006-02-06,3
2006-02-07,4
2006-02-08,4
2006-02-09,1
2006-02-10,2
2006-02-11,37
2006-02-12,37
2006-02-13,28
2006-02-14,24
2006-02-15,23
2006-02-16,35
2006-02-17,2
2006-02-18,2
2006-02-19,24
2006-02-20,24
2006-02-21,24
2006-02-22,31
2006-02-23,25
2006-02-24,24
2006-02-25,26,ERROR
2006-02-26,24
2006-02-27,23
2006-02-28,23
2006-03-01,24
2006-03-02,1
2006-03-03,1
2006-03-04,24
2006-03-05,1
2006-03-06,2
2006-03-07,3
2006-03-08,3
2006-03-09,3
2006-03-10,3
2006-03-11,2
2006-03-12,2
2006-03-13,4,ERROR
2006-03-14,3
2006-03-15,3
2006-03-16,2
2006-03-17,4
2006-03-18,24
2006-03-19,3
2006-03-20,2
2006-03-21,1
2006-03-22,1
2006-03-23,1
2006-03-24,1
2006-03-25,30
2006-03-26,26
2006-03-27,24
2006-03-28,29
2006-03-29,33
2006-03-30,24
2006-03-31,42
2006-04-01,29
2006-04-02,38
2006-04-03,1
2006-04-04,24
2006-04-05,2
2006-04-06,2
2006-04-07,4
2006-04-08,2
2006-04-09,3
2006-04-10,2
2006-04-11,1
2006-04-12,24
2006-04-13,2
2006-04-14,1
2006-04-15,1
2006-04-16,1
2006-04-17,1
2006-04-18,2
2006-04-19,3
2006-04-20,2
2006-04-21,2
2006-04-22,1
2006-04-23,3
2006-04-24,3
2006-04-25,3
2006-04-26,2
2006-04-27,3
2006-04-28,1
2006-04-29,2
2006-04-30,2
2006-05-01,1
2006-05-02,2
2006-05-03,2
2006-05-04,2
2006-05-05,24
2006-05-06,24
2006-05-07,24
2006-05-08,24
2006-05-09,24
2006-05-10,43
2006-05-11,39
2006-05-12,25
2006-05-13,27
2006-05-14,34
2006-05-15,40
2006-05-16,36
2006-05-17,2
2006-05-18,3
2006-05-19,3
2006-05-20,2
2006-05-21,3
2006-05-22,2
2006-05-23,4
2006-05-24,2
2006-05-25,4
2006-05-26,4
2006-05-27,2
2006-05-28,27
2006-05-29,1
2006-05-30,2
2006-05-31,1
2006-06-01,1
2006-06-02,1
2006-06-03,2
2006-06-04,25
2006-06-05,24
2006-06-06,24
2006-06-07,33
2006-06-08,25
2006-06-09,24
2006-06-10,25
2006-06-11,42
2006-06-12,28
2006-06-13,24
2006-06-14,24
2006-06-15,24
2006-06-16,24
2006-06-17,30
2006-06-18,26
2006-06-19,43
2006-06-20,33
2006-06-21,25
2006-06-22,26,ERROR
2006-06-23,39
2006-06-24,28
2006-06-25,24
2006-06-26,26
2006-06-27,24
2006-06-28,24
2006-06-29,29
2006-06-30,26
2006-07-01,24
2006-07-02,24,ERROR
2006-07-03,24
2006-07-04,35
2006-07-05,46
2006-07-06,24
2006-07-07,24
2006-07-08,24
2006-07-09,24
2006-07-10,24
2006-07-11,50
2006-07-12,33
2006-07-13,31
2006-07-14,42
2006-07-15,24
2006-07-16,24
2006-07-17,24
2006-07-18,27
2006-07-19,28
2006-07-20,24
2006-07-21,35
2006-07-22,42
2006-07-23,24
2006-07-24,28
2006-07-25,24
2006-07-26,24
2006-07-27,25
2006-07-28,34
2006-07-29,36
2006-07-30,34
2006-07-31,25
2006-08-01,24
2006-08-02,24
2006-08-03,24
2006-08-04,29
2006-08-05,24
2006-08-06,24
2006-08-07,3
2006-08-08,4
2006-08-09,3
2006-08-10,1
2006-08-11,3
2006-08-12,2
2006-08-13,3
2006-08-14,3
2006-08-15,3
2006-08-16,3
2006-08-17,2
2006-08-18,3
2006-08-19,2
2006-08-20,2
2006-08-21,3
2006-08-22,2
2006-08-23,2
2006-08-24,1
2006-08-25,1
2006-08-26,1
2006-08-27,2
2006-08-28,1
2006-08-29,36
2006-08-30,32
2006-08-31,32
2006-09-01,30
2006-09-02,29
2006-09-03,1
2006-09-04,24
2006-09-05,24,ERROR
2006-09-06,24
2006-09-07,24
2006-09-08,24
2006-09-09,24
2006-09-10,32
2006-09-11,55
2006-09-12,46
2006-09-13,39
2006-09-14,41
2006-09-15,26
2006-09-16,24
2006-09-17,24
2006-09-18,38
2006-09-19,34
2006-09-20,24
2006-09-21,23
2006-09-22,65
2006-09-23,48
2006-09-24,27
2006-09-25,27
2006-09-26,24
2006-09-27,33
2006-09-28,37
2006-09-29,1
2006-09-30,2
2006-10-01,2
2006-10-02,24
2006-10-03,3
2006-10-04,1
2006-10-05,2
2006-10-06,2
2006-10-07,24
2006-10-08,2
2006-10-09,2
2006-10-10,24
2006-10-11,32
2006-10-12,27
2006-10-13,24
2006-10-14,24
2006-10-15,24
2006-10-16,3
2006-10-17,1
2006-10-18,2
2006-10-19,2
2006-10-20,3
2006-10-21,2
2006-10-22,1
2006-10-23,3
2006-10-24,3
2006-10-25,2
2006-10-26,37
2006-10-27,1
2006-10-28,1
2006-10-29,1
2006-10-30,1
2006-10-31,32
2006-11-01,1
2006-11-02,24
2006-11-03,24
2006-11-04,24
2006-11-05,24
2006-11-06,24
2006-11-07,13
2006-11-08,35
2006-11-09,24
2006-11-10,28
2006-11-11,42
2006-11-12,26
2006-11-13,26
2006-11-14,24
2006-11-15,43
2006-11-16,38
2006-11-17,27
2006-11-18,28
2006-11-19,35
2006-11-20,30
2006-11-21,25
2006-11-22,24
2006-11-23,24
2006-11-24,24
2006-11-25,24
2006-11-26,24
2006-11-27,24
2006-11-28,24
2006-11-29,30
2006-11-30,47
2006-12-01,36
2006-12-02,25
2006-12-03,24
2006-12-04,25
2006-12-05,24
2006-12-06,24
2006-12-07,40
2006-12-08,24
2006-12-09,24
2006-12-10,24
2006-12-11,24
2006-12-12,30
2006-12-13,29
2006-12-14,24
2006-12-15,24
2006-12-16,26
2006-12-17,24
2006-12-18,34
2006-12-19,26
2006-12-20,24
2006-12-21,47
2006-12-22,39
2006-12-23,28
2006-12-24,32
2006-12-25,47
2006-12-26,32
2006-12-27,24
2006-12-28,24
2006-12-29,24
2006-12-30,24
2006-12-31,39
2007-01-01,27
2007-01-02,24
2007-01-03,24
2007-01-04,27
2007-01-05,38
2007-01-06,31
2007-01-07,36
2007-01-08,27
2007-01-09,27
2007-01-10,24
2007-01-11,24
2007-01-12,38
2007-01-13,48
2007-01-14,41
2007-01-15,39
2007-01-16,26
2007-01-17,24
2007-01-18,27
2007-01-19,26
2007-01-20,24
2007-01-21,43
2007-01-22,41
2007-01-23,25
2007-01-24,31
2007-01-25,30
2007-01-26,24
2007-01-27,1
2007-01-28,3
2007-01-29,26
2007-01-30,3
2007-01-31,4
2007-02-01,3
2007-02-02,3
2007-02-03,4
2007-02-04,2
2007-02-05,2
2007-02-06,2
2007-02-07,1
2007-02-08,1
2007-02-09,24
2007-02-10,24
2007-02-11,24
2007-02-12,32
2007-02-13,46
2007-02-14,33
2007-02-15,30
2007-02-16,24
2007-02-17,53
2007-02-18,26
2007-02-19,24
2007-02-20,34
2007-02-21,47
2007-02-22,30
2007-02-23,24
2007-02-24,27
2007-02-25,34
2007-02-26,24
2007-02-27,28
2007-02-28,24
2007-03-01,41
2007-03-02,25
2007-03-03,34
2007-03-04,26
2007-03-05,21
2007-03-06,24
2007-03-07,24
2007-03-08,24
2007-03-09,24
2007-03-10,30
2007-03-11,23
2007-03-12,24
2007-03-13,24
2007-03-14,41
2007-03-15,34
2007-03-16,28
2007-03-17,24,ERROR
2007-03-18,24
2007-03-19,1
2007-03-20,2
2007-03-21,36
2007-03-22,1
2007-03-23,3
2007-03-24,3
2007-03-25,24
2007-03-26,1
2007-03-27,2
2007-03-28,1
2007-03-29,3
2007-03-30,1
2007-03-31,1
2007-04-01,3
2007-04-02,3
2007-04-03,2
2007-04-04,1
2007-04-05,2
2007-04-06,2
2007-04-07,2
2007-04-08,2
2007-04-09,3
2007-04-10,4
2007-04-11,42
2007-04-12,2
2007-04-13,2
2007-04-14,2
2007-04-15,2
2007-04-16,2
2007-04-17,1
2007-04-18,25
2007-04-19,30
2007-04-20,25
2007-04-21,24
2007-04-22,25
2007-04-23,25
2007-04-24,24
2007-04-25,24
2007-04-26,46
2007-04-27,26
2007-04-28,25
2007-04-29,24
2007-04-30,24
2007-05-01,24
2007-05-02,28
2007-05-03,49
2007-05-04,51
2007-05-05,1
2007-05-06,1
2007-05-07,1
2007-05-08,1
2007-05-09,20
2007-05-10,24
2007-05-11,24
2007-05-12,24
2007-05-13,24
2007-05-14,24
2007-05-15,1
2007-05-16,1
2007-05-17,1
2007-05-18,1
2007-05-19,24
2007-05-20,1
2007-05-21,3
2007-05-22,1
2007-05-23,3
2007-05-24,2
2007-05-25,2
2007-05-26,2
2007-05-27,1
2007-05-28,2
2007-05-29,2
2007-05-30,2
2007-05-31,2
2007-06-01,24
2007-06-02,27
2007-06-03,24
2007-06-04,25
2007-06-05,29
2007-06-06,32
2007-06-07,2
2007-06-08,2
2007-06-09,2
2007-06-10,3
2007-06-11,2
2007-06-12,2
2007-06-13,1
2007-06-14,2
2007-06-15,3
2007-06-16,3
2007-06-17,1
2007-06-18,1
2007-06-19,4
2007-06-20,24
2007-06-21,24
2007-06-22,29
2007-06-23,39
2007-06-24,30
2007-06-25,27
2007-06-26,25
2007-06-27,25
2007-06-28,34
2007-06-29,24
2007-06-30,27
2007-07-01,24
2007-07-02,25
2007-07-03,24
2007-07-04,24
2007-07-05,53
2007-07-06,24
2007-07-07,24
2007-07-08,24
2007-07-09,24
2007-07-10,31
2007-07-11,27
2007-07-12,24
2007-07-13,25
2007-07-14,24
2007-07-15,26
2007-07-16,24
2007-07-17,30
2007-07-18,25
2007-07-19,42
2007-07-20,26
2007-07-21,24
2007-07-22,24
2007-07-23,24
2007-07-24,24
2007-07-25,25
2007-07-26,26
2007-07-27,34
2007-07-28,45
2007-07-29,24
2007-07-30,24
2007-07-31,24
2007-08-01,24
2007-08-02,24
2007-08-03,27
2007-08-04,26
2007-08-05,31
2007-08-06,24
2007-08-07,24
2007-08-08,24
2007-08-09,24
2007-08-10,25
2007-08-11,25
2007-08-12,24
2007-08-13,24
2007-08-14,24
2007-08-15,1
2007-08-16,30
2007-08-17,35
2007-08-18,24
2007-08-19,25
2007-08-20,24
2007-08-21,43
2007-08-22,24
2007-08-23,24
2007-08-24,24
2007-08-25,29
2007-08-26,24
2007-08-27,24
2007-08-28,24
2007-08-29,25
2007-08-30,28
2007-08-31,24
2007-09-01,24
2007-09-02,24
2007-09-03,24
2007-09-04,24
2007-09-05,24
2007-09-06,24
2007-09-07,24
2007-09-08,25
2007-09-09,42
2007-09-10,30
2007-09-11,31
2007-09-12,24
2007-09-13,24
2007-09-14,24
2007-09-15,24
2007-09-16,24
2007-09-17,24
2007-09-18,24
2007-09-19,24
2007-09-20,24
2007-09-21,25
2007-09-22,24
2007-09-23,24
2007-09-24,24
2007-09-25,25
2007-09-26,26
2007-09-27,54
2007-09-28,24
2007-09-29,24
2007-09-30,24
2007-10-01,24
2007-10-02,24
2007-10-03,24
2007-10-04,24
2007-10-05,29
2007-10-06,24
2007-10-07,24
2007-10-08,24
2007-10-09,28
2007-10-10,24
2007-10-11,26
2007-10-12,25
2007-10-13,24
2007-10-14,24
2007-10-15,23
2007-10-16,32
2007-10-17,30
2007-10-18,45
2007-10-19,26
2007-10-20,24
2007-10-21,24
2007-10-22,52
2007-10-23,58
2007-10-24,46
2007-10-25,26
2007-10-26,31
2007-10-27,34
2007-10-28,24
2007-10-29,24
2007-10-30,24
2007-10-31,24
2007-11-01,24
2007-11-02,24
2007-11-03,24
2007-11-04,25
2007-11-05,31
2007-11-06,24
2007-11-07,24
2007-11-08,24
2007-11-09,24
2007-11-10,24
2007-11-11,27
2007-11-12,27
2007-11-13,49
2007-11-14,39
2007-11-15,24
2007-11-16,24
2007-11-17,24
2007-11-18,24
2007-11-19,29
2007-11-20,24
2007-11-21,37
2007-11-22,35
2007-11-23,26
2007-11-24,24
2007-11-25,35
2007-11-26,58
2007-11-27,27
2007-11-28,25
2007-11-29,26
2007-11-30,24
2007-12-01,24
2007-12-02,40
2007-12-03,27
2007-12-04,24
2007-12-05,31
2007-12-06,27
2007-12-07,31
2007-12-08,37
2007-12-09,58
2007-12-10,38
2007-12-11,29
2007-12-12,36
2007-12-13,44
2007-12-14,25
2007-12-15,49
2007-12-16,41
2007-12-17,27
2007-12-18,24
2007-12-19,26
2007-12-20,27
2007-12-21,29
2007-12-22,27
2007-12-23,32
2007-12-24,23
2007-12-25,24
2007-12-26,24
2007-12-27,35
2007-12-28,35
2007-12-29,28
2007-12-30,1
2007-12-31,2
2008-01-01,52
2008-01-02,28
2008-01-03,33
2008-01-04,24
2008-01-05,29
2008-01-06,27
2008-01-07,28
2008-01-08,30
2008-01-09,29
2008-01-10,48
2008-01-11,34
2008-01-12,25
2008-01-13,1
2008-01-14,37
2008-01-15,24
2008-01-16,24
2008-01-17,52
2008-01-18,26
2008-01-19,26
2008-01-20,1
2008-01-21,4
2008-01-22,3
2008-01-23,4
2008-01-24,2
2008-01-25,4
2008-01-26,2
2008-01-27,4
2008-01-28,3
2008-01-29,3
2008-01-30,3
2008-01-31,2
2008-02-01,45
2008-02-02,27
2008-02-03,27
2008-02-04,30
2008-02-05,42
2008-02-06,1
2008-02-07,3
2008-02-08,2
2008-02-09,3
2008-02-10,24
2008-02-11,2
2008-02-12,3
2008-02-13,4
2008-02-14,2
2008-02-15,1
2008-02-16,1
2008-02-17,34
2008-02-18,26
2008-02-19,26
2008-02-20,27
2008-02-21,47
2008-02-22,40
2008-02-23,31
2008-02-24,33
2008-02-25,27
2008-02-26,44
2008-02-27,35
2008-02-28,24
2008-02-29,34
2008-03-01,24
2008-03-02,26
2008-03-03,33
2008-03-04,45
2008-03-05,34
2008-03-06,26
2008-03-07,59
2008-03-08,62
2008-03-09,26
2008-03-10,29
2008-03-11,24
2008-03-12,1
2008-03-13,24
2008-03-14,3
2008-03-15,1
2008-03-16,4
2008-03-17,2
2008-03-18,4
2008-03-19,2
2008-03-20,1
2008-03-21,4
2008-03-22,3
2008-03-23,2
2008-03-24,2
2008-03-25,1
2008-03-26,1
2008-03-27,43
2008-03-28,43
2008-03-29,24
2008-03-30,30
2008-03-31,1
2008-04-01,1
2008-04-02,1
2008-04-03,45
2008-04-04,58
2008-04-05,1
2008-04-06,1
2008-04-07,22
2008-04-08,3
2008-04-09,3
2008-04-10,3
2008-04-11,3
2008-04-12,2
2008-04-13,3
2008-04-14,3
2008-04-15,1
2008-04-16,24
2008-04-17,23
2008-04-18,25
2008-04-19,24
2008-04-20,34
2008-04-21,26
2008-04-22,23
2008-04-23,2
2008-04-24,1
2008-04-25,1
2008-04-26,1
2008-04-27,24
2008-04-28,26
2008-04-29,29
2008-04-30,24
2008-05-01,25
2008-05-02,52
2008-05-03,41
2008-05-04,24
2008-05-05,24
2008-05-06,24
2008-05-07,30
2008-05-08,44
2008-05-09,48
2008-05-10,1
2008-05-11,1
2008-05-12,27
2008-05-13,24
2008-05-14,39
2008-05-15,52
2008-05-16,2
2008-05-17,3
2008-05-18,2
2008-05-19,1
2008-05-20,1
2008-05-21,24
2008-05-22,24
2008-05-23,24
2008-05-24,24
2008-05-25,24
2008-05-26,28
2008-05-27,1
2008-05-28,1
2008-05-29,1
2008-05-30,1
2008-05-31,2
2008-06-01,26
2008-06-02,1
2008-06-03,2
2008-06-04,1
2008-06-05,24
2008-06-06,23
2008-06-07,24
2008-06-08,24
2008-06-09,24
2008-06-10,24
2008-06-11,24
2008-06-12,24
2008-06-13,37
2008-06-14,34
2008-06-15,24
2008-06-16,34
2008-06-17,24
2008-06-18,25
2008-06-19,29
2008-06-20,34
2008-06-21,23
2008-06-22,30
2008-06-23,24
2008-06-24,24
2008-06-25,24
2008-06-26,28
2008-06-27,29
2008-06-28,32
2008-06-29,27
2008-06-30,32
2008-07-01,24
2008-07-02,24
2008-07-03,24
2008-07-04,1
2008-07-05,2
2008-07-06,3
2008-07-07,2
2008-07-08,4
2008-07-09,4
2008-07-10,3
2008-07-11,24
2008-07-12,3
2008-07-13,4
2008-07-14,3
2008-07-15,3
2008-07-16,3
2008-07-17,4
2008-07-18,2
2008-07-19,1
2008-07-20,32
2008-07-21,32
2008-07-22,26
2008-07-23,24
2008-07-24,24
2008-07-25,25
2008-07-26,29
2008-07-27,24
2008-07-28,40
2008-07-29,26
2008-07-30,34
2008-07-31,47
2008-08-01,24
2008-08-02,24
2008-08-03,24
2008-08-04,25
2008-08-05,32
2008-08-06,31
2008-08-07,24
2008-08-08,24
2008-08-09,1
2008-08-10,24
2008-08-11,23
2008-08-12,1
2008-08-13,4
2008-08-14,1
2008-08-15,24
2008-08-16,24
2008-08-17,24
2008-08-18,24
2008-08-19,24
2008-08-20,24
2008-08-21,24
2008-08-22,24
2008-08-23,1
2008-08-24,24
2008-08-25,24
2008-08-26,24
2008-08-27,35
2008-08-28,24
2008-08-29,25
2008-08-30,25
2008-08-31,24
2008-09-01,24
2008-09-02,24
2008-09-03,37
2008-09-04,1
2008-09-05,3
2008-09-06,2
2008-09-07,4
2008-09-08,3
2008-09-09,4
2008-09-10,2
2008-09-11,24
2008-09-12,30
2008-09-13,24
2008-09-14,28
2008-09-15,4
2008-09-16,3
2008-09-17,4
2008-09-18,3
2008-09-19,4
2008-09-20,2
2008-09-21,24
2008-09-22,24
2008-09-23,23
2008-09-24,24
2008-09-25,25
2008-09-26,24
2008-09-27,26
2008-09-28,24
2008-09-29,3
2008-09-30,3
2008-10-01,2
2008-10-02,24
2008-10-03,24
2008-10-04,24
2008-10-05,24
2008-10-06,24
2008-10-07,1
2008-10-08,1
2008-10-09,31
2008-10-10,24
2008-10-11,24
2008-10-12,24
2008-10-13,24
2008-10-14,24
2008-10-15,24
2008-10-16,40
2008-10-17,23
2008-10-18,24
2008-10-19,1
2008-10-20,24
2008-10-21,24
2008-10-22,24
2008-10-23,24
2008-10-24,45
2008-10-25,30
2008-10-26,1
2008-10-27,1
2008-10-28,2
2008-10-29,2
2008-10-30,2
2008-10-31,3
2008-11-01,2
2008-11-02,2
2008-11-03,1
2008-11-04,2
2008-11-05,2
2008-11-06,1
2008-11-07,2
2008-11-08,3
2008-11-09,4
2008-11-10,1
2008-11-11,1
2008-11-12,3
2008-11-13,2
2008-11-14,2
2008-11-15,2
2008-11-16,1
2008-11-17,2
2008-11-18,26
2008-11-19,24
2008-11-20,28
2008-11-21,25
2008-11-22,24
2008-11-23,24
2008-11-24,49
2008-11-25,24
2008-11-26,24
2008-11-27,24
2008-11-28,24
2008-11-29,24
2008-11-30,34
2008-12-01,42
2008-12-02,25
2008-12-03,24
2008-12-04,39
2008-12-05,24
2008-12-06,30
2008-12-07,24
2008-12-08,24
2008-12-09,49
2008-12-10,43
2008-12-11,26
2008-12-12,24
2008-12-13,24
2008-12-14,24
2008-12-15,49
2008-12-16,55
2008-12-17,2
2008-12-18,4
2008-12-19,1
2008-12-20,30
2008-12-21,3
2008-12-22,25
2008-12-23,34
2008-12-24,54
2008-12-25,24
2008-12-26,31
2008-12-27,33
2008-12-28,38
2008-12-29,24
2008-12-30,24
2008-12-31,23
2009-01-01,24
2009-01-02,24
2009-01-03,34
2009-01-04,43
2009-01-05,32
2009-01-06,57
2009-01-07,52
2009-01-08,32
2009-01-09,3
2009-01-10,3
2009-01-11,2
2009-01-12,2
2009-01-13,4
2009-01-14,4
2009-01-15,4
2009-01-16,2
2009-01-17,4
2009-01-18,4
2009-01-19,4
2009-01-20,3
2009-01-21,3
2009-01-22,3
2009-01-23,4
2009-01-24,4
2009-01-25,3
2009-01-26,3
2009-01-27,3
2009-01-28,4
2009-01-29,1
2009-01-30,4
2009-01-31,4
2009-02-01,4
2009-02-02,3
2009-02-03,37
2009-02-04,1
2009-02-05,3
2009-02-06,2
2009-02-07,26
2009-02-08,28
2009-02-09,24
2009-02-10,36
2009-02-11,34
2009-02-12,29
2009-02-13,24
2009-02-14,24
2009-02-15,24
2009-02-16,2
2009-02-17,4
2009-02-18,2
2009-02-19,2
2009-02-20,4
2009-02-21,4
2009-02-22,4
2009-02-23,4
2009-02-24,3
2009-02-25,4
2009-02-26,4
2009-02-27,1
2009-02-28,29
2009-03-01,28
2009-03-02,24
2009-03-03,24
2009-03-04,24
2009-03-05,23
2009-03-06,26
2009-03-07,24
2009-03-08,23
2009-03-09,26
2009-03-10,24
2009-03-11,34
2009-03-12,1
2009-03-13,4
2009-03-14,2
2009-03-15,1
2009-03-16,25
2009-03-17,23
2009-03-18,25
2009-03-19,29
2009-03-20,24
2009-03-21,24
2009-03-22,24
2009-03-23,24
2009-03-24,24
2009-03-25,34
2009-03-26,50
2009-03-27,24
2009-03-28,36
2009-03-29,30
2009-03-30,24
2009-03-31,26
2009-04-01,24
2009-04-02,27
2009-04-03,41
2009-04-04,24
2009-04-05,35
2009-04-06,32
2009-04-07,27
2009-04-08,24
2009-04-09,24
2009-04-10,35
2009-04-11,27
2009-04-12,24
2009-04-13,41
2009-04-14,36
2009-04-15,29
2009-04-16,31
2009-04-17,24
2009-04-18,24
2009-04-19,44
2009-04-20,46
2009-04-21,25
2009-04-22,24
2009-04-23,24
2009-04-24,24
2009-04-25,24
2009-04-26,24
2009-04-27,24
2009-04-28,38
2009-04-29,27
2009-04-30,1
2009-05-01,37
2009-05-02,42
2009-05-03,31
2009-05-04,26
2009-05-05,24
2009-05-06,55
2009-05-07,32
2009-05-08,43
2009-05-09,26
2009-05-10,24
2009-05-11,24
2009-05-12,24
2009-05-13,24
2009-05-14,38
2009-05-15,28
2009-05-16,35
2009-05-17,24
2009-05-18,24
2009-05-19,24,ERROR
2009-05-20,24
2009-05-21,26
2009-05-22,24
2009-05-23,24
2009-05-24,24
2009-05-25,34
2009-05-26,26
2009-05-27,35
2009-05-28,38
2009-05-29,29
2009-05-30,24
2009-05-31,24
2009-06-01,24
2009-06-02,27
2009-06-03,33
2009-06-04,35
2009-06-05,24
2009-06-06,2
2009-06-07,3,ERROR
2009-06-08,1
2009-06-09,24
2009-06-10,2
2009-06-11,1,ERROR
2009-06-12,1
2009-06-13,28
2009-06-14,1
2009-06-15,1
2009-06-16,1
2009-06-17,2
2009-06-18,1
2009-06-19,3
2009-06-20,3
2009-06-21,3
2009-06-22,2
2009-06-23,24
2009-06-24,24
2009-06-25,26
2009-06-26,42
2009-06-27,24
2009-06-28,24
2009-06-29,24
2009-06-30,24
2009-07-01,22
2009-07-02,24
2009-07-03,24
2009-07-04,34
2009-07-05,42
2009-07-06,27
2009-07-07,24
2009-07-08,25
2009-07-09,24
2009-07-10,26
2009-07-11,24
2009-07-12,31
2009-07-13,24
2009-07-14,24
2009-07-15,43
2009-07-16,33
2009-07-17,36
2009-07-18,24
2009-07-19,24
2009-07-20,24
2009-07-21,24
2009-07-22,46
2009-07-23,35
2009-07-24,24
2009-07-25,35
2009-07-26,24
2009-07-27,24
2009-07-28,26
2009-07-29,58
2009-07-30,1
2009-07-31,34
2009-08-01,1
2009-08-02,2
2009-08-03,2
2009-08-04,2
2009-08-05,4
2009-08-06,1
2009-08-07,3
2009-08-08,2
2009-08-09,2
2009-08-10,3
2009-08-11,33
2009-08-12,24
2009-08-13,1
2009-08-14,2
2009-08-15,3
2009-08-16,2
2009-08-17,1
2009-08-18,3
2009-08-19,2
2009-08-20,3
2009-08-21,3
2009-08-22,2
2009-08-23,1
2009-08-24,1
2009-08-25,1
2009-08-26,24
2009-08-27,27
2009-08-28,24
2009-08-29,36
2009-08-30,24
2009-08-31,24
2009-09-01,24
2009-09-02,24
2009-09-03,26
2009-09-04,24
2009-09-05,24
2009-09-06,30
2009-09-07,46
2009-09-08,43
2009-09-09,34
2009-09-10,28
2009-09-11,24
2009-09-12,24
2009-09-13,24
2009-09-14,24
2009-09-15,24
2009-09-16,21
2009-09-17,24
2009-09-18,30
2009-09-19,24
2009-09-20,75
2009-09-21,37
2009-09-22,40
2009-09-23,34
2009-09-24,59
2009-09-25,30
2009-09-26,50
2009-09-27,37
2009-09-28,25
2009-09-29,24
2009-09-30,24,ERROR
2009-10-01,24
2009-10-02,43
2009-10-03,24
2009-10-04,24
2009-10-05,1
2009-10-06,33
2009-10-07,25
2009-10-08,37
2009-10-09,64
2009-10-10,33
2009-10-11,24
2009-10-12,26
2009-10-13,31
2009-10-14,55
2009-10-15,40
2009-10-16,38
2009-10-17,28
2009-10-18,24
2009-10-19,24
2009-10-20,24
2009-10-21,24
2009-10-22,1
2009-10-23,44
2009-10-24,1
2009-10-25,1
2009-10-26,1
2009-10-27,46
2009-10-28,44
2009-10-29,26
2009-10-30,35
2009-10-31,34
2009-11-01,25
2009-11-02,24
2009-11-03,24
2009-11-04,27
2009-11-05,24
2009-11-06,24
2009-11-07,24
2009-11-08,24
2009-11-09,24
2009-11-10,24
2009-11-11,24
2009-11-12,24
2009-11-13,24
2009-11-14,24
2009-11-15,24
2009-11-16,26
2009-11-17,36
2009-11-18,28
2009-11-19,26
2009-11-20,24
2009-11-21,24
2009-11-22,24
2009-11-23,28
2009-11-24,37
2009-11-25,31
2009-11-26,27
2009-11-27,25
2009-11-28,24
2009-11-29,29
2009-11-30,40
2009-12-01,24
2009-12-02,49
2009-12-03,38
2009-12-04,23
2009-12-05,24
2009-12-06,24
2009-12-07,48
2009-12-08,37
2009-12-09,27
2009-12-10,31
2009-12-11,24
2009-12-12,25
2009-12-13,46
2009-12-14,1
2009-12-15,30
2009-12-16,2
2009-12-17,1
2009-12-18,26
2009-12-19,1
2009-12-20,1
2009-12-21,37
2009-12-22,1
2009-12-23,1
2009-12-24,1
2009-12-25,1
2009-12-26,2
2009-12-27,1
2009-12-28,2
2009-12-29,1
2009-12-30,1
2009-12-31,1
2010-01-01,1
2010-01-02,32
2010-01-03,24
2010-01-04,30
2010-01-05,27
2010-01-06,29
2010-01-07,64
2010-01-08,45
2010-01-09,32
2010-01-10,27
2010-01-11,33
2010-01-12,36
2010-01-13,24
2010-01-14,24
2010-01-15,35
2010-01-16,24
2010-01-17,1
2010-01-18,2
2010-01-19,2
2010-01-20,2
2010-01-21,1
2010-01-22,2
2010-01-23,3
2010-01-24,3
2010-01-25,3
2010-01-26,4
2010-01-27,3
2010-01-28,4
2010-01-29,3
2010-01-30,3
2010-01-31,2
2010-02-01,3
2010-02-02,3
2010-02-03,2
2010-02-04,4
2010-02-05,4
2010-02-06,2
2010-02-07,2
2010-02-08,4
2010-02-09,4
2010-02-10,4
2010-02-11,3
2010-02-12,4
2010-02-13,3
2010-02-14,2
2010-02-15,3
2010-02-16,2
2010-02-17,24
2010-02-18,24
2010-02-19,24
2010-02-20,24
2010-02-21,24
2010-02-22,27
2010-02-23,36
2010-02-24,43
2010-02-25,2
2010-02-26,3
2010-02-27,4
2010-02-28,3
2010-03-01,4,ERROR
2010-03-02,4
2010-03-03,3
2010-03-04,3
2010-03-05,2
2010-03-06,2
2010-03-07,4
2010-03-08,4
2010-03-09,3
2010-03-10,3
2010-03-11,4
2010-03-12,2
2010-03-13,41
2010-03-14,32
2010-03-15,3
2010-03-16,4
2010-03-17,4
2010-03-18,4
2010-03-19,3
2010-03-20,4
2010-03-21,3
2010-03-22,1
2010-03-23,2
2010-03-24,1
2010-03-25,3
2010-03-26,2
2010-03-27,4
2010-03-28,2
2010-03-29,30
2010-03-30,24
2010-03-31,24
2010-04-01,24
2010-04-02,24
2010-04-03,27
2010-04-04,24
2010-04-05,26
2010-04-06,24
2010-04-07,26
2010-04-08,39
2010-04-09,24
2010-04-10,24
2010-04-11,24
2010-04-12,24
2010-04-13,24
2010-04-14,24
2010-04-15,24
2010-04-16,30
2010-04-17,24
2010-04-18,24
2010-04-19,24
2010-04-20,24
2010-04-21,24
2010-04-22,24
2010-04-23,29
2010-04-24,43
2010-04-25,30
2010-04-26,35
2010-04-27,36
2010-04-28,24
2010-04-29,24
2010-04-30,24
2010-05-01,48
2010-05-02,63
2010-05-03,44
2010-05-04,24
2010-05-05,24
2010-05-06,22
2010-05-07,26
2010-05-08,28
2010-05-09,24
2010-05-10,24
2010-05-11,28
2010-05-12,40
2010-05-13,34
2010-05-14,32
2010-05-15,24,ERROR
2010-05-16,41
2010-05-17,43
2010-05-18,41
2010-05-19,32
2010-05-20,24
2010-05-21,34
2010-05-22,26
2010-05-23,24
2010-05-24,24
2010-05-25,24
2010-05-26,24
2010-05-27,27
2010-05-28,26
2010-05-29,28
2010-05-30,34
2010-05-31,26
2010-06-01,24
2010-06-02,26
2010-06-03,24
2010-06-04,24
2010-06-05,24
2010-06-06,30
2010-06-07,24
2010-06-08,24
2010-06-09,47
2010-06-10,27
2010-06-11,24
2010-06-12,30
2010-06-13,26
2010-06-14,34
2010-06-15,36
2010-06-16,24
2010-06-17,24
2010-06-18,24
2010-06-19,33
2010-06-20,24
2010-06-21,24
2010-06-22,24
2010-06-23,24
2010-06-24,27
2010-06-25,24
2010-06-26,24,ERROR
2010-06-27,24
2010-06-28,32
2010-06-29,24
2010-06-30,24
2010-07-01,24
2010-07-02,24
2010-07-03,23
2010-07-04,24
2010-07-05,24
2010-07-06,24
2010-07-07,24
2010-07-08,31
2010-07-09,45
2010-07-10,24
2010-07-11,24
2010-07-12,28
2010-07-13,37
2010-07-14,24
2010-07-15,24
2010-07-16,24
2010-07-17,30
2010-07-18,25
2010-07-19,26
2010-07-20,34
2010-07-21,34
2010-07-22,24
2010-07-23,24
2010-07-24,22
2010-07-25,24
2010-07-26,30
2010-07-27,25
2010-07-28,31
2010-07-29,28
2010-07-30,24
2010-07-31,40
2010-08-01,24
2010-08-02,24
2010-08-03,24
2010-08-04,24
2010-08-05,32
2010-08-06,1
2010-08-07,24
2010-08-08,24
2010-08-09,24
2010-08-10,24
2010-08-11,28
2010-08-12,26
2010-08-13,24
2010-08-14,3
2010-08-15,4
2010-08-16,2
2010-08-17,3
2010-08-18,3
2010-08-19,3
2010-08-20,2
2010-08-21,2
2010-08-22,3
2010-08-23,4
2010-08-24,2
2010-08-25,4
2010-08-26,4
2010-08-27,3
2010-08-28,4
2010-08-29,3
2010-08-30,3
2010-08-31,3
2010-09-01,4
2010-09-02,2
2010-09-03,25
2010-09-04,26
2010-09-05,24
2010-09-06,24
2010-09-07,25
2010-09-08,24
2010-09-09,24
2010-09-10,33
2010-09-11,40
2010-09-12,24
2010-09-13,24
2010-09-14,24
2010-09-15,24
2010-09-16,26
2010-09-17,26
2010-09-18,24
2010-09-19,24
2010-09-20,24
2010-09-21,24
2010-09-22,24
2010-09-23,24
2010-09-24,24
2010-09-25,24
2010-09-26,24
2010-09-27,2
2010-09-28,3
2010-09-29,3
2010-09-30,3,ERROR
2010-10-01,4
2010-10-02,4
2010-10-03,4
2010-10-04,3
2010-10-05,4
2010-10-06,4
2010-10-07,2
2010-10-08,4
2010-10-09,4
2010-10-10,3
2010-10-11,1
2010-10-12,3
2010-10-13,3
2010-10-14,2
2010-10-15,24
2010-10-16,24
2010-10-17,24
2010-10-18,24
2010-10-19,23
2010-10-20,24
2010-10-21,24
2010-10-22,24
2010-10-23,24
2010-10-24,24
2010-10-25,28
2010-10-26,42
2010-10-27,24
2010-10-28,24
2010-10-29,24
2010-10-30,1
2010-10-31,1
2010-11-01,1
2010-11-02,2
2010-11-03,2
2010-11-04,2
2010-11-05,1
2010-11-06,2
2010-11-07,1
2010-11-08,1
2010-11-09,2
2010-11-10,1
2010-11-11,24
2010-11-12,24
2010-11-13,27
2010-11-14,1
2010-11-15,2
2010-11-16,2
2010-11-17,1
2010-11-18,31
2010-11-19,2
2010-11-20,2
2010-11-21,28
2010-11-22,24
2010-11-23,34
2010-11-24,32
2010-11-25,65
2010-11-26,31
2010-11-27,24
2010-11-28,24
2010-11-29,29
2010-11-30,47
2010-12-01,36
2010-12-02,1
2010-12-03,25
2010-12-04,51
2010-12-05,24
2010-12-06,33
2010-12-07,28
2010-12-08,24
2010-12-09,24
2010-12-10,24
2010-12-11,25
2010-12-12,72
2010-12-13,34
2010-12-14,25
2010-12-15,27
2010-12-16,43
2010-12-17,37
2010-12-18,25
2010-12-19,26
2010-12-20,24
2010-12-21,35
2010-12-22,34
2010-12-23,27
2010-12-24,1
2010-12-25,1
2010-12-26,1
2010-12-27,2
2010-12-28,2
2010-12-29,3
2010-12-30,3
2010-12-31,3
2011-01-01,2
2011-01-02,1
2011-01-03,24
2011-01-04,24
2011-01-05,24
2011-01-06,28
2011-01-07,44
2011-01-08,1
2011-01-09,1
2011-01-10,2
2011-01-11,54
2011-01-12,30
2011-01-13,29
2011-01-14,24
2011-01-15,1,ERROR
2011-01-16,2
2011-01-17,24
2011-01-18,32
2011-01-19,44
2011-01-20,62
2011-01-21,27
2011-01-22,24
2011-01-23,2
2011-01-24,3
2011-01-25,2
2011-01-26,3
2011-01-27,2
2011-01-28,4
2011-01-29,3
2011-01-30,3
2011-01-31,3
2011-02-01,3
2011-02-02,2
2011-02-03,2
2011-02-04,3
2011-02-05,1,ERROR
2011-02-06,2
2011-02-07,3
2011-02-08,2
2011-02-09,3
2011-02-10,3
2011-02-11,24
2011-02-12,4
2011-02-13,2
2011-02-14,2
2011-02-15,3
2011-02-16,3
2011-02-17,2
2011-02-18,2
2011-02-19,3
2011-02-20,3
2011-02-21,3
2011-02-22,2
2011-02-23,26
2011-02-24,47
2011-02-25,42
2011-02-26,32
2011-02-27,36
2011-02-28,47
2011-03-01,26
2011-03-02,24
2011-03-03,24
2011-03-04,26
2011-03-05,2
2011-03-06,2
2011-03-07,3
2011-03-08,4
2011-03-09,3
2011-03-10,2
2011-03-11,1
2011-03-12,2
2011-03-13,23
2011-03-14,31
2011-03-15,50
2011-03-16,1
2011-03-17,3
2011-03-18,3
2011-03-19,2
2011-03-20,24
2011-03-21,24
2011-03-22,24
2011-03-23,27
2011-03-24,28
2011-03-25,29
2011-03-26,38
2011-03-27,31
2011-03-28,24
2011-03-29,24
2011-03-30,31
2011-03-31,25
2011-04-01,27
2011-04-02,24
2011-04-03,24
2011-04-04,46
2011-04-05,1
2011-04-06,24
2011-04-07,24
2011-04-08,24
2011-04-09,29
2011-04-10,24
2011-04-11,55
2011-04-12,39
2011-04-13,24
2011-04-14,24
2011-04-15,34
2011-04-16,33
2011-04-17,24
2011-04-18,24
2011-04-19,31
2011-04-20,39
2011-04-21,26
2011-04-22,40
2011-04-23,58
2011-04-24,41
2011-04-25,26
2011-04-26,28
2011-04-27,58
2011-04-28,31
2011-04-29,26
2011-04-30,24
2011-05-01,33
2011-05-02,44
2011-05-03,51
2011-05-04,26
2011-05-05,24
2011-05-06,27
2011-05-07,24
2011-05-08,41
2011-05-09,24
2011-05-10,24
2011-05-11,24
2011-05-12,24
2011-05-13,26
2011-05-14,41,ERROR
2011-05-15,44
2011-05-16,38
2011-05-17,37
2011-05-18,46
2011-05-19,38
2011-05-20,24
2011-05-21,34
2011-05-22,24
2011-05-23,42
2011-05-24,24
2011-05-25,30
2011-05-26,36
2011-05-27,32
2011-05-28,25
2011-05-29,24
2011-05-30,24
2011-05-31,24
2011-06-01,24
2011-06-02,24
2011-06-03,24
2011-06-04,25
2011-06-05,24
2011-06-06,24
2011-06-07,24
2011-06-08,24
2011-06-09,24
2011-06-10,27
2011-06-11,31
2011-06-12,29
2011-06-13,24
2011-06-14,24
2011-06-15,44
2011-06-16,26
2011-06-17,24
2011-06-18,43
2011-06-19,42
2011-06-20,27
2011-06-21,38
2011-06-22,42
2011-06-23,30
2011-06-24,24
2011-06-25,24
2011-06-26,41
2011-06-27,30
2011-06-28,25
2011-06-29,24
2011-06-30,24
2011-07-01,24
2011-07-02,24
2011-07-03,26
2011-07-04,24
2011-07-05,28
2011-07-06,26
2011-07-07,24
2011-07-08,51
2011-07-09,24
2011-07-10,24
2011-07-11,24
2011-07-12,38
2011-07-13,24
2011-07-14,24
2011-07-15,24
2011-07-16,34
2011-07-17,24
2011-07-18,24
2011-07-19,28
2011-07-20,35
2011-07-21,24
2011-07-22,24
2011-07-23,24
2011-07-24,26
2011-07-25,24
2011-07-26,24
2011-07-27,24
2011-07-28,24
2011-07-29,24
2011-07-30,27
2011-07-31,24
2011-08-01,24
2011-08-02,24
2011-08-03,26
2011-08-04,25,ERROR
2011-08-05,2
2011-08-06,3
2011-08-07,3
2011-08-08,2
2011-08-09,4
2011-08-10,2
2011-08-11,3
2011-08-12,2
2011-08-13,3
2011-08-14,4
2011-08-15,4
2011-08-16,4
2011-08-17,3
2011-08-18,2
2011-08-19,2
2011-08-20,3
2011-08-21,2
2011-08-22,2
2011-08-23,1
2011-08-24,26
2011-08-25,24
2011-08-26,1
2011-08-27,2
2011-08-28,3
2011-08-29,1,ERROR
2011-08-30,24
2011-08-31,24
2011-09-01,24
2011-09-02,24
2011-09-03,26
2011-09-04,27
2011-09-05,30
2011-09-06,1
2011-09-07,1
2011-09-08,3
2011-09-09,2
2011-09-10,2
2011-09-11,2
2011-09-12,1
2011-09-13,1
2011-09-14,1
2011-09-15,2
2011-09-16,2
2011-09-17,2
2011-09-18,1
2011-09-19,3
2011-09-20,3
2011-09-21,1
2011-09-22,4
2011-09-23,3
2011-09-24,4
2011-09-25,4
2011-09-26,2
2011-09-27,1
2011-09-28,3
2011-09-29,2
2011-09-30,3
2011-10-01,2
2011-10-02,2
2011-10-03,2
2011-10-04,2
2011-10-05,24
2011-10-06,24
2011-10-07,1
2011-10-08,24
2011-10-09,24
2011-10-10,1
2011-10-11,4
2011-10-12,4
2011-10-13,4
2011-10-14,4
2011-10-15,2
2011-10-16,3
2011-10-17,2
2011-10-18,27
2011-10-19,33
2011-10-20,2
2011-10-21,2
2011-10-22,2
2011-10-23,1
2011-10-24,24
2011-10-25,24
2011-10-26,1
2011-10-27,48
2011-10-28,24
2011-10-29,24
2011-10-30,24
2011-10-31,24,ERROR
2011-11-01,1
2011-11-02,24
2011-11-03,48
2011-11-04,34
2011-11-05,1
2011-11-06,25
2011-11-07,24
2011-11-08,24
2011-11-09,28
2011-11-10,24
2011-11-11,24
2011-11-12,24
2011-11-13,24
2011-11-14,33
2011-11-15,37
2011-11-16,41
2011-11-17,24
2011-11-18,24
2011-11-19,24
2011-11-20,2
2011-11-21,3
2011-11-22,2
2011-11-23,2
2011-11-24,4
2011-11-25,2
2011-11-26,3
2011-11-27,3
2011-11-28,4
2011-11-29,2
2011-11-30,3
2011-12-01,3
2011-12-02,4
2011-12-03,4
2011-12-04,4
2011-12-05,2
2011-12-06,2
2011-12-07,2
2011-12-08,4
2011-12-09,3
2011-12-10,2
2011-12-11,24
2011-12-12,24
2011-12-13,32
2011-12-14,26
2011-12-15,33
2011-12-16,25
2011-12-17,25
2011-12-18,24
2011-12-19,24
2011-12-20,30
2011-12-21,35
2011-12-22,47
2011-12-23,36
2011-12-24,26
2011-12-25,24
2011-12-26,24
2011-12-27,41
2011-12-28,26
2011-12-29,24
2011-12-30,26
2011-12-31,29
2012-01-01,26
2012-01-02,2
2012-01-03,4
2012-01-04,4
2012-01-05,4
2012-01-06,4
2012-01-07,26
2012-01-08,4
2012-01-09,4
2012-01-10,4
2012-01-11,4
2012-01-12,4
2012-01-13,4
2012-01-14,4
2012-01-15,4
2012-01-16,4
2012-01-17,3
2012-01-18,4
2012-01-19,3
2012-01-20,4
2012-01-21,2
2012-01-22,38
2012-01-23,31
2012-01-24,24
2012-01-25,39
2012-01-26,61
2012-01-27,3
2012-01-28,4
2012-01-29,2
2012-01-30,1
2012-01-31,1
2012-02-01,30
2012-02-02,29
2012-02-03,24
2012-02-04,51
2012-02-05,34
2012-02-06,33
2012-02-07,3
2012-02-08,2
2012-02-09,2
2012-02-10,1
2012-02-11,33
2012-02-12,24
2012-02-13,25
2012-02-14,56
2012-02-15,27
2012-02-16,38
2012-02-17,27
2012-02-18,24
2012-02-19,24
2012-02-20,24
2012-02-21,28
2012-02-22,29
2012-02-23,24
2012-02-24,26
2012-02-25,24
2012-02-26,24
2012-02-27,24
2012-02-28,24
2012-02-29,41
2012-03-01,24
2012-03-02,46
2012-03-03,24
2012-03-04,30
2012-03-05,41
2012-03-06,24
2012-03-07,24
2012-03-08,47,ERROR
2012-03-09,24,ERROR
2012-03-10,24
2012-03-11,23
2012-03-12,31
2012-03-13,27
2012-03-14,25
2012-03-15,37
2012-03-16,27
2012-03-17,51
2012-03-18,26
2012-03-19,24
2012-03-20,24
2012-03-21,24
2012-03-22,4
2012-03-23,2
2012-03-24,2
2012-03-25,2
2012-03-26,2
2012-03-27,2
2012-03-28,2
2012-03-29,2
2012-03-30,3
2012-03-31,4
2012-04-01,1
2012-04-02,1
2012-04-03,2
2012-04-04,1
2012-04-05,3
2012-04-06,3
2012-04-07,2
2012-04-08,2
2012-04-09,2
2012-04-10,24
2012-04-11,1
2012-04-12,2
2012-04-13,1
2012-04-14,1
2012-04-15,24
2012-04-16,29
2012-04-17,24
2012-04-18,24
2012-04-19,24
2012-04-20,27
2012-04-21,35
2012-04-22,25
2012-04-23,24
2012-04-24,24
2012-04-25,26
2012-04-26,26
2012-04-27,24
2012-04-28,33
2012-04-29,30
2012-04-30,29
2012-05-01,38
2012-05-02,24
2012-05-03,24
2012-05-04,33
2012-05-05,37
2012-05-06,24
2012-05-07,25
2012-05-08,36
2012-05-09,1
2012-05-10,24
2012-05-11,24
2012-05-12,24
2012-05-13,59
2012-05-14,3
2012-05-15,3
2012-05-16,1
2012-05-17,24
2012-05-18,4
2012-05-19,3
2012-05-20,4
2012-05-21,3
2012-05-22,4
2012-05-23,3
2012-05-24,3
2012-05-25,3
2012-05-26,4
2012-05-27,4
2012-05-28,4
2012-05-29,4
2012-05-30,4
2012-05-31,3
2012-06-01,3
2012-06-02,3
2012-06-03,1
2012-06-04,25
2012-06-05,24
2012-06-06,24
2012-06-07,24
2012-06-08,24
2012-06-09,24
2012-06-10,24
2012-06-11,31
2012-06-12,2
2012-06-13,2
2012-06-14,3
2012-06-15,4
2012-06-16,4
2012-06-17,4
2012-06-18,4
2012-06-19,4,ERROR
2012-06-20,3
2012-06-21,4
2012-06-22,4
2012-06-23,3
2012-06-24,4
2012-06-25,4
2012-06-26,4
2012-06-27,4
2012-06-28,4
2012-06-29,4
2012-06-30,4
2012-07-01,4
2012-07-02,26
2012-07-03,24
2012-07-04,24
2012-07-05,25
2012-07-06,24
2012-07-07,24
2012-07-08,28
2012-07-09,2
2012-07-10,4
2012-07-11,4
2012-07-12,4
2012-07-13,4
2012-07-14,4
2012-07-15,4
2012-07-16,4
2012-07-17,4
2012-07-18,3
2012-07-19,1
2012-07-20,35,ERROR
2012-07-21,24
2012-07-22,24
2012-07-23,24
2012-07-24,30
2012-07-25,24
2012-07-26,28
2012-07-27,39
2012-07-28,24
2012-07-29,24
2012-07-30,24
2012-07-31,24
2012-08-01,1
2012-08-02,3
2012-08-03,4
2012-08-04,4
2012-08-05,4
2012-08-06,4
2012-08-07,4
2012-08-08,4
2012-08-09,4
2012-08-10,3
2012-08-11,4
2012-08-12,4
2012-08-13,3
2012-08-14,3
2012-08-15,2
2012-08-16,3
2012-08-17,4
2012-08-18,1
2012-08-19,2
2012-08-20,2
2012-08-21,2
2012-08-22,2
2012-08-23,1
2012-08-24,24
2012-08-25,23
2012-08-26,24
2012-08-27,1
2012-08-28,2
2012-08-29,1
2012-08-30,24
2012-08-31,1
2012-09-01,3
2012-09-02,1
2012-09-03,41
2012-09-04,37
2012-09-05,1
2012-09-06,2
2012-09-07,2
2012-09-08,45
2012-09-09,24
2012-09-10,24
2012-09-11,3
2012-09-12,2
2012-09-13,2
2012-09-14,26
2012-09-15,24
2012-09-16,26
2012-09-17,1
2012-09-18,33
2012-09-19,24
2012-09-20,24
2012-09-21,1
2012-09-22,26
2012-09-23,24
2012-09-24,24
2012-09-25,42
2012-09-26,44
2012-09-27,32
2012-09-28,47
2012-09-29,32
2012-09-30,24
2012-10-01,48
2012-10-02,32
2012-10-03,25
2012-10-04,24
2012-10-05,27
2012-10-06,33
2012-10-07,24
2012-10-08,24
2012-10-09,24
2012-10-10,26
2012-10-11,24
2012-10-12,24
2012-10-13,27
2012-10-14,25
2012-10-15,25
2012-10-16,24
2012-10-17,24
2012-10-18,29
2012-10-19,26
2012-10-20,32
2012-10-21,24
2012-10-22,22
2012-10-23,23
2012-10-24,24
2012-10-25,24
2012-10-26,42
2012-10-27,33
2012-10-28,24
2012-10-29,24
2012-10-30,26
2012-10-31,24
2012-11-01,24
2012-11-02,24
2012-11-03,28
2012-11-04,25
2012-11-05,24
2012-11-06,24
2012-11-07,34
2012-11-08,24
2012-11-09,24
2012-11-10,24
2012-11-11,24
2012-11-12,36
2012-11-13,24
2012-11-14,24
2012-11-15,24
2012-11-16,24
2012-11-17,24
2012-11-18,24
2012-11-19,24
2012-11-20,24
2012-11-21,24
2012-11-22,24
2012-11-23,26
2012-11-24,24
2012-11-25,24
2012-11-26,24
2012-11-27,32
2012-11-28,24
2012-11-29,24
2012-11-30,24
2012-12-01,23
2012-12-02,26
2012-12-03,23
2012-12-04,40
2012-12-05,23
2012-12-06,35
2012-12-07,74
2012-12-08,61
2012-12-09,48
2012-12-10,39
2012-12-11,26
2012-12-12,1
2012-12-13,1
2012-12-14,24
2012-12-15,26
2012-12-16,39
2012-12-17,44
2012-12-18,31
2012-12-19,24
2012-12-20,45
2012-12-21,25
2012-12-22,26
2012-12-23,24
2012-12-24,45
2012-12-25,28
2012-12-26,48
2012-12-27,26
2012-12-28,31
2012-12-29,48
2012-12-30,25
2012-12-31,27
2013-01-01,45
2013-01-02,29
2013-01-03,24
2013-01-04,24
2013-01-05,24
2013-01-06,30
2013-01-07,24
2013-01-08,24
2013-01-09,2
2013-01-10,2
2013-01-11,1
2013-01-12,3
2013-01-13,4
2013-01-14,3
2013-01-15,3
2013-01-16,4
2013-01-17,4
2013-01-18,4
2013-01-19,4
2013-01-20,4
2013-01-21,3
2013-01-22,3
2013-01-23,2
2013-01-24,24
2013-01-25,2
2013-01-26,4
2013-01-27,4
2013-01-28,3
2013-01-29,1
2013-01-30,3
2013-01-31,54
2013-02-01,25
2013-02-02,37
2013-02-03,36
2013-02-04,24
2013-02-05,30
2013-02-06,26
2013-02-07,24
2013-02-08,30
2013-02-09,26
2013-02-10,26
2013-02-11,27
2013-02-12,24
2013-02-13,49
2013-02-14,26,ERROR
2013-02-15,27
2013-02-16,24
2013-02-17,24
2013-02-18,23
2013-02-19,34
2013-02-20,24
2013-02-21,32
2013-02-22,37
2013-02-23,27
2013-02-24,24
2013-02-25,1
2013-02-26,4
2013-02-27,3
2013-02-28,31
2013-03-01,4
2013-03-02,4
2013-03-03,3
2013-03-04,4
2013-03-05,4
2013-03-06,4
2013-03-07,4
2013-03-08,3
2013-03-09,4
2013-03-10,4
2013-03-11,4
2013-03-12,4
2013-03-13,4
2013-03-14,3
2013-03-15,3
2013-03-16,4
2013-03-17,4
2013-03-18,1
2013-03-19,26
2013-03-20,24
2013-03-21,24
2013-03-22,24
2013-03-23,24
2013-03-24,41
2013-03-25,44
2013-03-26,42
2013-03-27,24
2013-03-28,24
2013-03-29,24
2013-03-30,38
2013-03-31,34
2013-04-01,24
2013-04-02,24
2013-04-03,24
2013-04-04,24
2013-04-05,24
2013-04-06,24
2013-04-07,24
2013-04-08,24
2013-04-09,24
2013-04-10,24
2013-04-11,39
2013-04-12,31
2013-04-13,24
2013-04-14,24
2013-04-15,25
2013-04-16,34
2013-04-17,33
2013-04-18,24
2013-04-19,37
2013-04-20,24
2013-04-21,24
2013-04-22,24
2013-04-23,24
2013-04-24,49
2013-04-25,24
2013-04-26,24
2013-04-27,29
2013-04-28,44
2013-04-29,39
2013-04-30,24
2013-05-01,24
2013-05-02,24
2013-05-03,26
2013-05-04,30
2013-05-05,38
2013-05-06,42
2013-05-07,37
2013-05-08,24
2013-05-09,24
2013-05-10,54
2013-05-11,35
2013-05-12,24
2013-05-13,24
2013-05-14,24
2013-05-15,24
2013-05-16,31
2013-05-17,24
2013-05-18,27
2013-05-19,24
2013-05-20,28
2013-05-21,28
2013-05-22,32
2013-05-23,25
2013-05-24,31
2013-05-25,24
2013-05-26,24
2013-05-27,24
2013-05-28,24
2013-05-29,24
2013-05-30,24
2013-05-31,31
2013-06-01,29
2013-06-02,36
2013-06-03,26
2013-06-04,24
2013-06-05,24
2013-06-06,33
2013-06-07,29
2013-06-08,26
2013-06-09,24
2013-06-10,42
2013-06-11,24
2013-06-12,24
2013-06-13,24
2013-06-14,24
2013-06-15,24
2013-06-16,28
2013-06-17,28
2013-06-18,27
2013-06-19,24
2013-06-20,24
2013-06-21,26
2013-06-22,24
2013-06-23,26
2013-06-24,2
2013-06-25,24
2013-06-26,53
2013-06-27,33
2013-06-28,24
2013-06-29,30
2013-06-30,33
2013-07-01,41
2013-07-02,37
2013-07-03,26
2013-07-04,41
2013-07-05,36
2013-07-06,38
2013-07-07,36
2013-07-08,24
2013-07-09,1
2013-07-10,1
2013-07-11,30
2013-07-12,24
2013-07-13,24
2013-07-14,27
2013-07-15,1
2013-07-16,24
2013-07-17,1
2013-07-18,3
2013-07-19,4
2013-07-20,4
2013-07-21,29
2013-07-22,55
2013-07-23,29
2013-07-24,24
2013-07-25,4
2013-07-26,4
2013-07-27,2
2013-07-28,24
2013-07-29,24
2013-07-30,24
2013-07-31,1
2013-08-01,33
2013-08-02,24
2013-08-03,25
2013-08-04,24
2013-08-05,24
2013-08-06,26
2013-08-07,3
2013-08-08,1
2013-08-09,54
2013-08-10,46
2013-08-11,1
2013-08-12,36
2013-08-13,39
2013-08-14,24
2013-08-15,24
2013-08-16,4
2013-08-17,3
2013-08-18,4
2013-08-19,1
2013-08-20,26
2013-08-21,24
2013-08-22,1
2013-08-23,2
2013-08-24,2
2013-08-25,24
2013-08-26,24
2013-08-27,24
2013-08-28,24
2013-08-29,26
2013-08-30,24
2013-08-31,36
2013-09-01,31
2013-09-02,32
2013-09-03,24
2013-09-04,24
2013-09-05,24
2013-09-06,3
2013-09-07,3
2013-09-08,1
2013-09-09,1
2013-09-10,24
2013-09-11,24
2013-09-12,2
2013-09-13,2
2013-09-14,1
2013-09-15,1
2013-09-16,26
2013-09-17,1
2013-09-18,2
2013-09-19,1
2013-09-20,3
2013-09-21,39
2013-09-22,24
2013-09-23,1
2013-09-24,2
2013-09-25,2
2013-09-26,1
2013-09-27,24
2013-09-28,24
2013-09-29,24
2013-09-30,26
2013-10-01,1
2013-10-02,3
2013-10-03,2
2013-10-04,2
2013-10-05,46
2013-10-06,60
2013-10-07,24
2013-10-08,1
2013-10-09,3
2013-10-10,1
2013-10-11,24
2013-10-12,24
2013-10-13,24
2013-10-14,24
2013-10-15,25
2013-10-16,34
2013-10-17,1
2013-10-18,1
2013-10-19,38
2013-10-20,1
2013-10-21,24
2013-10-22,28
2013-10-23,1
2013-10-24,28
2013-10-25,24
2013-10-26,24
2013-10-27,1
2013-10-28,1
2013-10-29,44
2013-10-30,55
2013-10-31,35
2013-11-01,34
2013-11-02,24
2013-11-03,25
2013-11-04,24
2013-11-05,1
2013-11-06,2
2013-11-07,4
2013-11-08,1
2013-11-09,3
2013-11-10,1
2013-11-11,25
2013-11-12,35
2013-11-13,24
2013-11-14,24
2013-11-15,26
2013-11-16,32
2013-11-17,2
2013-11-18,3
2013-11-19,3
2013-11-20,2
2013-11-21,1
2013-11-22,42
2013-11-23,27
2013-11-24,25
2013-11-25,28
2013-11-26,1
2013-11-27,2
2013-11-28,24
2013-11-29,24
2013-11-30,24
2013-12-01,24
2013-12-02,24
2013-12-03,42
2013-12-04,36
2013-12-05,49
2013-12-06,74
2013-12-07,28
2013-12-08,49
2013-12-09,28
2013-12-10,33
2013-12-11,25
2013-12-12,24
2013-12-13,26
2013-12-14,52
2013-12-15,34
2013-12-16,30
2013-12-17,32
2013-12-18,24
2013-12-19,24
2013-12-20,26
2013-12-21,58
2013-12-22,38
2013-12-23,31
2013-12-24,25
2013-12-25,24
2013-12-26,30
2013-12-27,24
2013-12-28,24
2013-12-29,39
2013-12-30,28
2013-12-31,24
2014-01-01,24
2014-01-02,47
2014-01-03,25
2014-01-04,24
2014-01-05,45
2014-01-06,39
2014-01-07,24
2014-01-08,24
2014-01-09,32
2014-01-10,33
2014-01-11,51
2014-01-12,25
2014-01-13,30
2014-01-14,26
2014-01-15,30
2014-01-16,31
2014-01-17,58
2014-01-18,24
2014-01-19,30
2014-01-20,24
2014-01-21,61
2014-01-22,24
2014-01-23,31
2014-01-24,24
2014-01-25,45
2014-01-26,24
2014-01-27,24
2014-01-28,26
2014-01-29,24
2014-01-30,1
2014-01-31,1
2014-02-01,1
2014-02-02,1
2014-02-03,40
2014-02-04,40
2014-02-05,50
2014-02-06,2
2014-02-07,2
2014-02-08,1
2014-02-09,49
2014-02-10,26
2014-02-11,24
2014-02-12,24
2014-02-13,2
2014-02-14,2
2014-02-15,2
2014-02-16,1
2014-02-17,39
2014-02-18,24
2014-02-19,2
2014-02-20,1
2014-02-21,2
2014-02-22,24
2014-02-23,35
2014-02-24,24
2014-02-25,24
2014-02-26,35
2014-02-27,24
2014-02-28,24
2014-03-01,24
2014-03-02,57
2014-03-03,2
2014-03-04,2
2014-03-05,3
2014-03-06,1
2014-03-07,24
2014-03-08,27
2014-03-09,1
2014-03-10,3
2014-03-11,2
2014-03-12,30
2014-03-13,25
2014-03-14,25
2014-03-15,24
2014-03-16,35
2014-03-17,26
2014-03-18,25
2014-03-19,30
2014-03-20,24
2014-03-21,24
2014-03-22,24
2014-03-23,26
2014-03-24,24
2014-03-25,48
2014-03-26,24
2014-03-27,24
2014-03-28,31
2014-03-29,40
2014-03-30,26
2014-03-31,24
2014-04-01,26
2014-04-02,24
2014-04-03,54
2014-04-04,43
2014-04-05,24
2014-04-06,24
2014-04-07,62
2014-04-08,28
2014-04-09,24
2014-04-10,24
2014-04-11,24
2014-04-12,24
2014-04-13,24
2014-04-14,42
2014-04-15,37
2014-04-16,24
2014-04-17,24
2014-04-18,24
2014-04-19,24
2014-04-20,24
2014-04-21,24
2014-04-22,25
2014-04-23,24
2014-04-24,24
2014-04-25,35
2014-04-26,24
2014-04-27,27
2014-04-28,44
2014-04-29,39
2014-04-30,31
2014-05-01,24
2014-05-02,24
"NEW ERROR, did not get df",list index out of range,2014-05-03
2014-05-03,24
2014-05-04,24
2014-05-05,24
2014-05-06,24
2014-05-07,24
2014-05-08,24
2014-05-09,30
2014-05-10,50
2014-05-11,28
2014-05-12,24
2014-05-13,27
2014-05-14,56
2014-05-15,33
2014-05-16,31
2014-05-17,29
2014-05-18,24
2014-05-19,24
2014-05-20,24
2014-05-21,27
2014-05-22,37
2014-05-23,24
2014-05-24,24
2014-05-25,24
2014-05-26,24
2014-05-27,26
2014-05-28,29
2014-05-29,28
2014-05-30,24
2014-05-31,24
2014-06-01,26
2014-06-02,24
2014-06-03,37
2014-06-04,26
2014-06-05,28
2014-06-06,24
2014-06-07,24
2014-06-08,32
2014-06-09,24
2014-06-10,36
2014-06-11,46
2014-06-12,26
2014-06-13,24
2014-06-14,24
2014-06-15,24
2014-06-16,24
2014-06-17,24
2014-06-18,24
2014-06-19,24
2014-06-20,36
2014-06-21,24
2014-06-22,24
2014-06-23,26
2014-06-24,33
2014-06-25,32
2014-06-26,24
2014-06-27,24
2014-06-28,25
2014-06-29,25
2014-06-30,27
2014-07-01,37
2014-07-02,34
2014-07-03,26
2014-07-04,24
2014-07-05,16
2014-07-06,18
2014-07-07,20
2014-07-08,24
2014-07-09,14
2014-07-10,20
2014-07-11,17
2014-07-12,18
2014-07-13,22
2014-07-14,33
2014-07-15,17
2014-07-16,20
2014-07-17,17
2014-07-18,19
2014-07-19,22
2014-07-20,18
2014-07-21,21
2014-07-22,24
2014-07-23,28
2014-07-24,33
2014-07-25,24
2014-07-26,29
2014-07-27,42
2014-07-28,28
2014-07-29,25
2014-07-30,24
2014-07-31,24
2014-08-01,24
2014-08-02,25
2014-08-03,24
2014-08-04,24
2014-08-05,24
2014-08-06,24
2014-08-07,24
2014-08-08,45
2014-08-09,44
2014-08-10,31
2014-08-11,42
2014-08-12,16
2014-08-13,12
2014-08-14,25
2014-08-15,24
2014-08-16,24
2014-08-17,42
2014-08-18,36
2014-08-19,27
2014-08-20,26
2014-08-21,24
2014-08-22,31
2014-08-23,39
2014-08-24,27
2014-08-25,24
2014-08-26,26
2014-08-27,33
2014-08-28,24
2014-08-29,24
2014-08-30,26
2014-08-31,38
2014-09-01,37
2014-09-02,34
2014-09-03,43
2014-09-04,24
2014-09-05,24
2014-09-06,24
2014-09-07,24
2014-09-08,24
2014-09-09,24
2014-09-10,26
2014-09-11,61
2014-09-12,25
2014-09-13,26
2014-09-14,24
2014-09-15,24
2014-09-16,32
2014-09-17,26
2014-09-18,24
2014-09-19,24
2014-09-20,24
2014-09-21,26
2014-09-22,24
2014-09-23,24
2014-09-24,24
2014-09-25,24
2014-09-26,24
2014-09-27,24
2014-09-28,24
2014-09-29,24
2014-09-30,24
2014-10-01,24
2014-10-02,24
2014-10-03,36
2014-10-04,28
2014-10-05,25
2014-10-06,38
2014-10-07,32
2014-10-08,24
2014-10-09,25
2014-10-10,44
2014-10-11,38
2014-10-12,30
2014-10-13,35
2014-10-14,55
2014-10-15,38
2014-10-16,30
2014-10-17,25
2014-10-18,28
2014-10-19,28
2014-10-20,26
2014-10-21,24
2014-10-22,24
2014-10-23,24
2014-10-24,24
2014-10-25,26
2014-10-26,24
2014-10-27,24
2014-10-28,36
2014-10-29,25
2014-10-30,24
2014-10-31,38
2014-11-01,31
"NEW ERROR, did not get df",list index out of range,2014-11-02
2014-11-02,25
2014-11-03,24
2014-11-04,27
2014-11-05,52
2014-11-06,33
2014-11-07,24
2014-11-08,28
2014-11-09,24
2014-11-10,24
2014-11-11,29
2014-11-12,26
2014-11-13,26
2014-11-14,24
2014-11-15,24
2014-11-16,47
2014-11-17,63
2014-11-18,24
2014-11-19,24
2014-11-20,26
2014-11-21,24
2014-11-22,24
"NEW ERROR, did not get df",list index out of range,2014-11-23
2014-11-23,42
2014-11-24,31
2014-11-25,24
"NEW ERROR, did not get df",list index out of range,2014-11-26
2014-11-26,28
2014-11-27,34
2014-11-28,24
2014-11-29,28
2014-11-30,24
2014-12-01,45
2014-12-02,37
2014-12-03,33
2014-12-04,38
2014-12-05,55
2014-12-06,45
2014-12-07,26
2014-12-08,24
2014-12-09,42
2014-12-10,32
2014-12-11,25
2014-12-12,25
2014-12-13,24
2014-12-14,33
2014-12-15,26
2014-12-16,36
2014-12-17,27
2014-12-18,25
2014-12-19,24
2014-12-20,26
2014-12-21,24
2014-12-22,33
2014-12-23,50
2014-12-24,42
2014-12-25,33
2014-12-26,24
2014-12-27,45
2014-12-28,40
2014-12-29,24
2014-12-30,24
2014-12-31,17
2015-01-01,24
2015-01-02,40
2015-01-03,54
2015-01-04,43
2015-01-05,25
2015-01-06,24
2015-01-07,26
2015-01-08,24
2015-01-09,24
2015-01-10,24
2015-01-11,25
2015-01-12,56
2015-01-13,26
2015-01-14,25
2015-01-15,26
2015-01-16,24
2015-01-17,24
"NEW ERROR, did not get df",list index out of range,2015-01-18
2015-01-18,28
2015-01-19,24
2015-01-20,24
2015-01-21,24
2015-01-22,26
2015-01-23,43
2015-01-24,30
2015-01-25,27
2015-01-26,36
2015-01-27,46
2015-01-28,24
2015-01-29,26
2015-01-30,29
2015-01-31,24
2015-02-01,35
2015-02-02,28
2015-02-03,26
2015-02-04,34
2015-02-05,27
2015-02-06,24
2015-02-07,24
2015-02-08,33
2015-02-09,35
2015-02-10,28
2015-02-11,25
2015-02-12,37
2015-02-13,24
2015-02-14,29
2015-02-15,24
2015-02-16,62
2015-02-17,27
2015-02-18,62
2015-02-19,28
2015-02-20,31
2015-02-21,71
2015-02-22,26
2015-02-23,24
2015-02-24,24
2015-02-25,24
2015-02-26,24
2015-02-27,24
2015-02-28,26
2015-03-01,39
2015-03-02,30
2015-03-03,41
2015-03-04,79
2015-03-05,45
2015-03-06,24
2015-03-07,24
2015-03-08,23
2015-03-09,28
2015-03-10,60
2015-03-11,40
2015-03-12,30
2015-03-13,43
2015-03-14,48
2015-03-15,24
2015-03-16,24
2015-03-17,26
2015-03-18,24
2015-03-19,32
2015-03-20,39
2015-03-21,26
2015-03-22,24
2015-03-23,24
2015-03-24,24
2015-03-25,24
2015-03-26,46
2015-03-27,24
2015-03-28,24
2015-03-29,24
2015-03-30,24
2015-03-31,24
2015-04-01,24
2015-04-02,48
2015-04-03,82
2015-04-04,25
2015-04-05,24
2015-04-06,27
2015-04-07,60
2015-04-08,34
2015-04-09,33
2015-04-10,33
2015-04-11,24
2015-04-12,24
2015-04-13,32
2015-04-14,28
2015-04-15,27
2015-04-16,34
2015-04-17,36
2015-04-18,24
2015-04-19,47
2015-04-20,35
2015-04-21,24
2015-04-22,28
2015-04-23,24
2015-04-24,24
2015-04-25,49
2015-04-26,29
2015-04-27,24
2015-04-28,24
2015-04-29,24
2015-04-30,27
2015-05-01,24
2015-05-02,24
2015-05-03,24
2015-05-04,24
2015-05-05,24
2015-05-06,24
2015-05-07,24
2015-05-08,24
2015-05-09,24
2015-05-10,24
2015-05-11,32
2015-05-12,26
2015-05-13,24
2015-05-14,24
2015-05-15,24
2015-05-16,40
2015-05-17,32
2015-05-18,31
2015-05-19,24
2015-05-20,24
2015-05-21,28
2015-05-22,24
2015-05-23,24
2015-05-24,24
2015-05-25,39
2015-05-26,29
2015-05-27,38
2015-05-28,35
2015-05-29,28
2015-05-30,28
2015-05-31,33
2015-06-01,35
2015-06-02,24
2015-06-03,25
2015-06-04,26
2015-06-05,24
2015-06-06,24
2015-06-07,24
2015-06-08,29
2015-06-09,31
2015-06-10,24
2015-06-11,24
"NEW ERROR, did not get df",list index out of range,2015-06-12
2015-06-12,24
2015-06-13,24
2015-06-14,26
2015-06-15,24
2015-06-16,30
2015-06-17,31
2015-06-18,41
2015-06-19,29
2015-06-20,46
2015-06-21,20
2015-06-22,30
2015-06-23,26
2015-06-24,24
2015-06-25,24
2015-06-26,48
2015-06-27,38
2015-06-28,24
2015-06-29,28
2015-06-30,26
2015-07-01,33
2015-07-02,57
2015-07-03,51
2015-07-04,35
2015-07-05,26
2015-07-06,24
2015-07-07,48
2015-07-08,40
2015-07-09,42
2015-07-10,46
2015-07-11,28
2015-07-12,40
2015-07-13,32
2015-07-14,40
2015-07-15,27
2015-07-16,26
2015-07-17,26
2015-07-18,29
2015-07-19,24
2015-07-20,27
2015-07-21,39
2015-07-22,24
2015-07-23,24
2015-07-24,24
2015-07-25,24
2015-07-26,24
2015-07-27,28
2015-07-28,26
2015-07-29,32
2015-07-30,26
2015-07-31,24
2015-08-01,24
2015-08-02,24
2015-08-03,24
2015-08-04,32
2015-08-05,27
2015-08-06,72
2015-08-07,29
2015-08-08,24
2015-08-09,24
2015-08-10,37
2015-08-11,24
2015-08-12,24
2015-08-13,24
2015-08-14,24
2015-08-15,26
2015-08-16,24
2015-08-17,29
2015-08-18,28
2015-08-19,48
2015-08-20,30
2015-08-21,24
2015-08-22,24
2015-08-23,24
2015-08-24,25
2015-08-25,23
2015-08-26,24
2015-08-27,24
2015-08-28,24
2015-08-29,24
2015-08-30,27
2015-08-31,24
2015-09-01,26
2015-09-02,24
2015-09-03,24
2015-09-04,24
2015-09-05,28
2015-09-06,24
2015-09-07,24
2015-09-08,24
"NEW ERROR, did not get df",2015-09-09
2015-09-09,36
2015-09-10,38
2015-09-11,31
2015-09-12,31
2015-09-13,24
2015-09-14,24
"NEW ERROR, did not get df",list index out of range,2015-09-15
2015-09-15,24
2015-09-16,24
2015-09-17,24
